-- MySQL Script generated by MySQL Workbench
-- Tue Nov 10 22:13:14 2020
-- Model: New Model    Version: 1.0
-- MySQL Workbench Forward Engineering

SET @OLD_UNIQUE_CHECKS=@@UNIQUE_CHECKS, UNIQUE_CHECKS=0;
SET @OLD_FOREIGN_KEY_CHECKS=@@FOREIGN_KEY_CHECKS, FOREIGN_KEY_CHECKS=0;
SET @OLD_SQL_MODE=@@SQL_MODE, SQL_MODE='ONLY_FULL_GROUP_BY,STRICT_TRANS_TABLES,NO_ZERO_IN_DATE,NO_ZERO_DATE,ERROR_FOR_DIVISION_BY_ZERO,NO_ENGINE_SUBSTITUTION';

-- -----------------------------------------------------
-- Schema Acme Pharmaceuticals
-- -----------------------------------------------------
DROP SCHEMA IF EXISTS `Acme Pharmaceuticals` ;

-- -----------------------------------------------------
-- Schema Acme Pharmaceuticals
-- -----------------------------------------------------
CREATE SCHEMA IF NOT EXISTS `Acme Pharmaceuticals` DEFAULT CHARACTER SET utf8 ;
SHOW WARNINGS;
USE `Acme Pharmaceuticals` ;

-- -----------------------------------------------------
-- Table `DrugKits`
-- -----------------------------------------------------
DROP TABLE IF EXISTS `DrugKits` ;

SHOW WARNINGS;
CREATE TABLE IF NOT EXISTS `DrugKits` (
  `DrugKitID` INT NOT NULL,
  `DrugKitNumber` INT(11) NOT NULL,
  `SiteID` INT NOT NULL,
  `Treatment` VARCHAR(45) NOT NULL,
  `VisitID` INT NULL,
  PRIMARY KEY (`DrugKitID`))
ENGINE = InnoDB;

SHOW WARNINGS;

-- -----------------------------------------------------
-- Table `Genders`
-- -----------------------------------------------------
DROP TABLE IF EXISTS `Genders` ;

SHOW WARNINGS;
CREATE TABLE IF NOT EXISTS `Genders` (
  `GenderID` INT NOT NULL,
  `Gender` VARCHAR(45) NOT NULL,
  PRIMARY KEY (`GenderID`))
ENGINE = InnoDB;

SHOW WARNINGS;

-- -----------------------------------------------------
-- Table `Patients`
-- -----------------------------------------------------
DROP TABLE IF EXISTS `Patients` ;

SHOW WARNINGS;
CREATE TABLE IF NOT EXISTS `Patients` (
  `PatientID` INT NOT NULL,
  `PatientNumber` INT(11) NOT NULL,
  `SiteID` INT NOT NULL,
  `DOB` DATE NOT NULL,
  `GenderID` INT NOT NULL,
  `Weight` INT(3) NOT NULL,
  `RandomCodeID` INT NULL,
  PRIMARY KEY (`PatientID`))
ENGINE = InnoDB;

SHOW WARNINGS;
CREATE UNIQUE INDEX `PatientID_UNIQUE` ON `Patients` (`PatientID` ASC) VISIBLE;

SHOW WARNINGS;

-- -----------------------------------------------------
-- Table `RandomCodes`
-- -----------------------------------------------------
DROP TABLE IF EXISTS `RandomCodes` ;

SHOW WARNINGS;
CREATE TABLE IF NOT EXISTS `RandomCodes` (
  `RandomCodeID` INT NOT NULL,
  `RandomCode` INT(4) NOT NULL,
  `StudyID` INT NOT NULL,
  `Treatment` VARCHAR(45) NOT NULL DEFAULT 'A(Active)/P(Placebo)',
  `Available` VARCHAR(1) NULL,
  PRIMARY KEY (`RandomCodeID`))
ENGINE = InnoDB;

SHOW WARNINGS;

-- -----------------------------------------------------
-- Table `Sites`
-- -----------------------------------------------------
DROP TABLE IF EXISTS `Sites` ;

SHOW WARNINGS;
CREATE TABLE IF NOT EXISTS `Sites` (
  `SiteID` INT NOT NULL,
  `SiteNumber` INT(3) NOT NULL,
  `StudyID` INT NOT NULL,
  `Name` VARCHAR(45) NOT NULL,
  `Address` VARCHAR(45) NOT NULL,
  `City` VARCHAR(45) NOT NULL,
  `StateID` INT(11) NOT NULL,
  `Zip` VARCHAR(45) NOT NULL,
  `Phone` VARCHAR(45) NOT NULL,
  PRIMARY KEY (`SiteID`))
ENGINE = InnoDB;

SHOW WARNINGS;

-- -----------------------------------------------------
-- Table `States`
-- -----------------------------------------------------
DROP TABLE IF EXISTS `States` ;

SHOW WARNINGS;
CREATE TABLE IF NOT EXISTS `States` (
  `StateID` INT NOT NULL,
  `StateDesc` VARCHAR(45) NOT NULL,
  PRIMARY KEY (`StateID`))
ENGINE = InnoDB;

SHOW WARNINGS;

-- -----------------------------------------------------
-- Table `Studies`
-- -----------------------------------------------------
DROP TABLE IF EXISTS `Studies` ;

SHOW WARNINGS;
CREATE TABLE IF NOT EXISTS `Studies` (
  `StudyID` INT NOT NULL,
  `Studiescol` VARCHAR(45) NOT NULL,
  PRIMARY KEY (`StudyID`))
ENGINE = InnoDB;

SHOW WARNINGS;
CREATE UNIQUE INDEX `StudyID_UNIQUE` ON `Studies` (`StudyID` ASC) VISIBLE;

SHOW WARNINGS;

-- -----------------------------------------------------
-- Table `VisitTypes`
-- -----------------------------------------------------
DROP TABLE IF EXISTS `VisitTypes` ;

SHOW WARNINGS;
CREATE TABLE IF NOT EXISTS `VisitTypes` (
  `VisitTypeID` INT NOT NULL,
  `VisitDesc` VARCHAR(45) NOT NULL,
  PRIMARY KEY (`VisitTypeID`))
ENGINE = InnoDB;

SHOW WARNINGS;

-- -----------------------------------------------------
-- Table `Visits`
-- -----------------------------------------------------
DROP TABLE IF EXISTS `Visits` ;

SHOW WARNINGS;
CREATE TABLE IF NOT EXISTS `Visits` (
  `VisitID` INT NOT NULL AUTO_INCREMENT,
  `PatientID` INT NOT NULL,
  `Visit` DATE NOT NULL,
  `VisitTypeID` INT NOT NULL,
  `WithdrawReasonID` INT NULL,
  PRIMARY KEY (`VisitID`))
ENGINE = InnoDB;

SHOW WARNINGS;

-- -----------------------------------------------------
-- Table `WithdrawReasons`
-- -----------------------------------------------------
DROP TABLE IF EXISTS `WithdrawReasons` ;

SHOW WARNINGS;
CREATE TABLE IF NOT EXISTS `WithdrawReasons` (
  `WithdrawReasonID` INT NOT NULL,
  `WithdrawDesc` VARCHAR(45) NOT NULL,
  PRIMARY KEY (`WithdrawReasonID`))
ENGINE = InnoDB;

SHOW WARNINGS;

SET SQL_MODE=@OLD_SQL_MODE;
SET FOREIGN_KEY_CHECKS=@OLD_FOREIGN_KEY_CHECKS;
SET UNIQUE_CHECKS=@OLD_UNIQUE_CHECKS;

-- -----------------------------------------------------
-- Data for table `DrugKits`
-- -----------------------------------------------------
START TRANSACTION;
USE `Acme Pharmaceuticals`;
INSERT INTO `DrugKits` (`DrugKitID`, `DrugKitNumber`, `SiteID`, `Treatment`, `VisitID`) VALUES (1, 10000, 1, 'A', NULL);
INSERT INTO `DrugKits` (`DrugKitID`, `DrugKitNumber`, `SiteID`, `Treatment`, `VisitID`) VALUES (2, 10001, 1, 'A', NULL);
INSERT INTO `DrugKits` (`DrugKitID`, `DrugKitNumber`, `SiteID`, `Treatment`, `VisitID`) VALUES (3, 10002, 1, 'A', NULL);
INSERT INTO `DrugKits` (`DrugKitID`, `DrugKitNumber`, `SiteID`, `Treatment`, `VisitID`) VALUES (4, 10003, 1, 'P', NULL);
INSERT INTO `DrugKits` (`DrugKitID`, `DrugKitNumber`, `SiteID`, `Treatment`, `VisitID`) VALUES (5, 10004, 1, 'P', NULL);
INSERT INTO `DrugKits` (`DrugKitID`, `DrugKitNumber`, `SiteID`, `Treatment`, `VisitID`) VALUES (6, 10005, 1, 'P', NULL);
INSERT INTO `DrugKits` (`DrugKitID`, `DrugKitNumber`, `SiteID`, `Treatment`, `VisitID`) VALUES (7, 10006, 2, 'A', NULL);
INSERT INTO `DrugKits` (`DrugKitID`, `DrugKitNumber`, `SiteID`, `Treatment`, `VisitID`) VALUES (8, 10007, 2, 'A', NULL);
INSERT INTO `DrugKits` (`DrugKitID`, `DrugKitNumber`, `SiteID`, `Treatment`, `VisitID`) VALUES (9, 10008, 2, 'A', NULL);
INSERT INTO `DrugKits` (`DrugKitID`, `DrugKitNumber`, `SiteID`, `Treatment`, `VisitID`) VALUES (10, 10009, 2, 'P', NULL);
INSERT INTO `DrugKits` (`DrugKitID`, `DrugKitNumber`, `SiteID`, `Treatment`, `VisitID`) VALUES (11, 10010, 2, 'P', NULL);
INSERT INTO `DrugKits` (`DrugKitID`, `DrugKitNumber`, `SiteID`, `Treatment`, `VisitID`) VALUES (12, 10011, 2, 'P', NULL);
INSERT INTO `DrugKits` (`DrugKitID`, `DrugKitNumber`, `SiteID`, `Treatment`, `VisitID`) VALUES (13, 10012, 3, 'A', NULL);
INSERT INTO `DrugKits` (`DrugKitID`, `DrugKitNumber`, `SiteID`, `Treatment`, `VisitID`) VALUES (14, 10013, 3, 'A', NULL);
INSERT INTO `DrugKits` (`DrugKitID`, `DrugKitNumber`, `SiteID`, `Treatment`, `VisitID`) VALUES (15, 10014, 3, 'A', NULL);
INSERT INTO `DrugKits` (`DrugKitID`, `DrugKitNumber`, `SiteID`, `Treatment`, `VisitID`) VALUES (16, 10015, 3, 'P', NULL);
INSERT INTO `DrugKits` (`DrugKitID`, `DrugKitNumber`, `SiteID`, `Treatment`, `VisitID`) VALUES (17, 10016, 3, 'P', NULL);
INSERT INTO `DrugKits` (`DrugKitID`, `DrugKitNumber`, `SiteID`, `Treatment`, `VisitID`) VALUES (18, 10017, 3, 'P', NULL);
INSERT INTO `DrugKits` (`DrugKitID`, `DrugKitNumber`, `SiteID`, `Treatment`, `VisitID`) VALUES (19, 10018, 4, 'A', NULL);
INSERT INTO `DrugKits` (`DrugKitID`, `DrugKitNumber`, `SiteID`, `Treatment`, `VisitID`) VALUES (20, 10019, 4, 'A', NULL);
INSERT INTO `DrugKits` (`DrugKitID`, `DrugKitNumber`, `SiteID`, `Treatment`, `VisitID`) VALUES (21, 10020, 4, 'A', NULL);
INSERT INTO `DrugKits` (`DrugKitID`, `DrugKitNumber`, `SiteID`, `Treatment`, `VisitID`) VALUES (22, 10021, 4, 'P', NULL);
INSERT INTO `DrugKits` (`DrugKitID`, `DrugKitNumber`, `SiteID`, `Treatment`, `VisitID`) VALUES (23, 10022, 4, 'P', NULL);
INSERT INTO `DrugKits` (`DrugKitID`, `DrugKitNumber`, `SiteID`, `Treatment`, `VisitID`) VALUES (24, 10023, 5, 'P', NULL);
INSERT INTO `DrugKits` (`DrugKitID`, `DrugKitNumber`, `SiteID`, `Treatment`, `VisitID`) VALUES (25, 10024, 5, 'A', NULL);
INSERT INTO `DrugKits` (`DrugKitID`, `DrugKitNumber`, `SiteID`, `Treatment`, `VisitID`) VALUES (26, 10025, 5, 'A', NULL);
INSERT INTO `DrugKits` (`DrugKitID`, `DrugKitNumber`, `SiteID`, `Treatment`, `VisitID`) VALUES (27, 10026, 5, 'A', NULL);
INSERT INTO `DrugKits` (`DrugKitID`, `DrugKitNumber`, `SiteID`, `Treatment`, `VisitID`) VALUES (28, 10027, 5, 'P', NULL);
INSERT INTO `DrugKits` (`DrugKitID`, `DrugKitNumber`, `SiteID`, `Treatment`, `VisitID`) VALUES (29, 10028, 5, 'P', NULL);
INSERT INTO `DrugKits` (`DrugKitID`, `DrugKitNumber`, `SiteID`, `Treatment`, `VisitID`) VALUES (30, 10029, 5, 'P', NULL);
INSERT INTO `DrugKits` (`DrugKitID`, `DrugKitNumber`, `SiteID`, `Treatment`, `VisitID`) VALUES (31, 10030, 6, 'A', NULL);
INSERT INTO `DrugKits` (`DrugKitID`, `DrugKitNumber`, `SiteID`, `Treatment`, `VisitID`) VALUES (32, 10031, 6, 'A', NULL);
INSERT INTO `DrugKits` (`DrugKitID`, `DrugKitNumber`, `SiteID`, `Treatment`, `VisitID`) VALUES (33, 10032, 6, 'A', NULL);
INSERT INTO `DrugKits` (`DrugKitID`, `DrugKitNumber`, `SiteID`, `Treatment`, `VisitID`) VALUES (34, 10033, 6, 'P', NULL);
INSERT INTO `DrugKits` (`DrugKitID`, `DrugKitNumber`, `SiteID`, `Treatment`, `VisitID`) VALUES (35, 10034, 6, 'P', NULL);
INSERT INTO `DrugKits` (`DrugKitID`, `DrugKitNumber`, `SiteID`, `Treatment`, `VisitID`) VALUES (36, 10035, 6, 'P', NULL);

COMMIT;


-- -----------------------------------------------------
-- Data for table `Genders`
-- -----------------------------------------------------
START TRANSACTION;
USE `Acme Pharmaceuticals`;
INSERT INTO `Genders` (`GenderID`, `Gender`) VALUES (1, 'Female');
INSERT INTO `Genders` (`GenderID`, `Gender`) VALUES (2, 'Male');

COMMIT;


-- -----------------------------------------------------
-- Data for table `Patients`
-- -----------------------------------------------------
START TRANSACTION;
USE `Acme Pharmaceuticals`;
INSERT INTO `Patients` (`PatientID`, `PatientNumber`, `SiteID`, `DOB`, `GenderID`, `Weight`, `RandomCodeID`) VALUES (1, 101251, 1, '1994-04-03', 1, 56, 1);
INSERT INTO `Patients` (`PatientID`, `PatientNumber`, `SiteID`, `DOB`, `GenderID`, `Weight`, `RandomCodeID`) VALUES (2, 101252, 1, '1994-04-20', 1, 56, 2);
INSERT INTO `Patients` (`PatientID`, `PatientNumber`, `SiteID`, `DOB`, `GenderID`, `Weight`, `RandomCodeID`) VALUES (3, 101253, 1, '1994-10-22', 1, 45, 3);
INSERT INTO `Patients` (`PatientID`, `PatientNumber`, `SiteID`, `DOB`, `GenderID`, `Weight`, `RandomCodeID`) VALUES (4, 111255, 2, '1994-11-20', 2, 47, 4);
INSERT INTO `Patients` (`PatientID`, `PatientNumber`, `SiteID`, `DOB`, `GenderID`, `Weight`, `RandomCodeID`) VALUES (5, 111256, 2, '1994-10-20', 2, 46, 5);
INSERT INTO `Patients` (`PatientID`, `PatientNumber`, `SiteID`, `DOB`, `GenderID`, `Weight`, `RandomCodeID`) VALUES (6, 111257, 2, '1993-10-20', 2, 75, 6);
INSERT INTO `Patients` (`PatientID`, `PatientNumber`, `SiteID`, `DOB`, `GenderID`, `Weight`, `RandomCodeID`) VALUES (7, 121224, 3, '1992-10-20', 1, 43, 7);
INSERT INTO `Patients` (`PatientID`, `PatientNumber`, `SiteID`, `DOB`, `GenderID`, `Weight`, `RandomCodeID`) VALUES (8, 121226, 3, '1991-10-20', 1, 32, 8);

COMMIT;


-- -----------------------------------------------------
-- Data for table `RandomCodes`
-- -----------------------------------------------------
START TRANSACTION;
USE `Acme Pharmaceuticals`;
INSERT INTO `RandomCodes` (`RandomCodeID`, `RandomCode`, `StudyID`, `Treatment`, `Available`) VALUES (1, 1000, 1, 'A', 'T');
INSERT INTO `RandomCodes` (`RandomCodeID`, `RandomCode`, `StudyID`, `Treatment`, `Available`) VALUES (2, 1001, 1, 'P', 'T');
INSERT INTO `RandomCodes` (`RandomCodeID`, `RandomCode`, `StudyID`, `Treatment`, `Available`) VALUES (3, 1002, 1, 'A', 'T');
INSERT INTO `RandomCodes` (`RandomCodeID`, `RandomCode`, `StudyID`, `Treatment`, `Available`) VALUES (4, 1003, 1, 'P', 'T');
INSERT INTO `RandomCodes` (`RandomCodeID`, `RandomCode`, `StudyID`, `Treatment`, `Available`) VALUES (5, 1004, 1, 'P', 'T');
INSERT INTO `RandomCodes` (`RandomCodeID`, `RandomCode`, `StudyID`, `Treatment`, `Available`) VALUES (6, 1005, 1, 'A', 'T');
INSERT INTO `RandomCodes` (`RandomCodeID`, `RandomCode`, `StudyID`, `Treatment`, `Available`) VALUES (7, 1006, 1, 'A', 'T');
INSERT INTO `RandomCodes` (`RandomCodeID`, `RandomCode`, `StudyID`, `Treatment`, `Available`) VALUES (8, 1007, 1, 'P', 'T');
INSERT INTO `RandomCodes` (`RandomCodeID`, `RandomCode`, `StudyID`, `Treatment`, `Available`) VALUES (9, 1008, 1, 'A', 'T');
INSERT INTO `RandomCodes` (`RandomCodeID`, `RandomCode`, `StudyID`, `Treatment`, `Available`) VALUES (10, 1009, 1, 'P', 'T');
INSERT INTO `RandomCodes` (`RandomCodeID`, `RandomCode`, `StudyID`, `Treatment`, `Available`) VALUES (11, 1010, 1, 'P', 'T');
INSERT INTO `RandomCodes` (`RandomCodeID`, `RandomCode`, `StudyID`, `Treatment`, `Available`) VALUES (12, 1011, 1, 'A', 'T');
INSERT INTO `RandomCodes` (`RandomCodeID`, `RandomCode`, `StudyID`, `Treatment`, `Available`) VALUES (13, 1012, 1, 'P', 'T');
INSERT INTO `RandomCodes` (`RandomCodeID`, `RandomCode`, `StudyID`, `Treatment`, `Available`) VALUES (14, 1013, 1, 'A', 'T');
INSERT INTO `RandomCodes` (`RandomCodeID`, `RandomCode`, `StudyID`, `Treatment`, `Available`) VALUES (15, 1014, 1, 'A', 'T');
INSERT INTO `RandomCodes` (`RandomCodeID`, `RandomCode`, `StudyID`, `Treatment`, `Available`) VALUES (16, 1015, 1, 'A', 'T');
INSERT INTO `RandomCodes` (`RandomCodeID`, `RandomCode`, `StudyID`, `Treatment`, `Available`) VALUES (17, 1016, 1, 'P', 'T');
INSERT INTO `RandomCodes` (`RandomCodeID`, `RandomCode`, `StudyID`, `Treatment`, `Available`) VALUES (18, 1017, 1, 'P', 'T');
INSERT INTO `RandomCodes` (`RandomCodeID`, `RandomCode`, `StudyID`, `Treatment`, `Available`) VALUES (19, 1018, 1, 'A', 'T');
INSERT INTO `RandomCodes` (`RandomCodeID`, `RandomCode`, `StudyID`, `Treatment`, `Available`) VALUES (20, 1019, 1, 'P', 'T');
INSERT INTO `RandomCodes` (`RandomCodeID`, `RandomCode`, `StudyID`, `Treatment`, `Available`) VALUES (21, 5000, 2, 'A', 'T');
INSERT INTO `RandomCodes` (`RandomCodeID`, `RandomCode`, `StudyID`, `Treatment`, `Available`) VALUES (22, 5001, 2, 'A', 'T');
INSERT INTO `RandomCodes` (`RandomCodeID`, `RandomCode`, `StudyID`, `Treatment`, `Available`) VALUES (23, 5002, 2, 'A', 'T');
INSERT INTO `RandomCodes` (`RandomCodeID`, `RandomCode`, `StudyID`, `Treatment`, `Available`) VALUES (24, 5003, 2, 'A', 'T');
INSERT INTO `RandomCodes` (`RandomCodeID`, `RandomCode`, `StudyID`, `Treatment`, `Available`) VALUES (25, 5004, 2, 'A', 'T');
INSERT INTO `RandomCodes` (`RandomCodeID`, `RandomCode`, `StudyID`, `Treatment`, `Available`) VALUES (26, 5005, 2, 'A', 'T');
INSERT INTO `RandomCodes` (`RandomCodeID`, `RandomCode`, `StudyID`, `Treatment`, `Available`) VALUES (27, 5006, 2, 'A', 'T');
INSERT INTO `RandomCodes` (`RandomCodeID`, `RandomCode`, `StudyID`, `Treatment`, `Available`) VALUES (28, 5007, 2, 'A', 'T');
INSERT INTO `RandomCodes` (`RandomCodeID`, `RandomCode`, `StudyID`, `Treatment`, `Available`) VALUES (29, 5008, 2, 'A', 'T');
INSERT INTO `RandomCodes` (`RandomCodeID`, `RandomCode`, `StudyID`, `Treatment`, `Available`) VALUES (30, 5009, 2, 'A', 'T');
INSERT INTO `RandomCodes` (`RandomCodeID`, `RandomCode`, `StudyID`, `Treatment`, `Available`) VALUES (31, 5010, 2, 'P', 'T');
INSERT INTO `RandomCodes` (`RandomCodeID`, `RandomCode`, `StudyID`, `Treatment`, `Available`) VALUES (32, 5011, 2, 'P', 'T');
INSERT INTO `RandomCodes` (`RandomCodeID`, `RandomCode`, `StudyID`, `Treatment`, `Available`) VALUES (33, 5012, 2, 'P', 'T');
INSERT INTO `RandomCodes` (`RandomCodeID`, `RandomCode`, `StudyID`, `Treatment`, `Available`) VALUES (34, 5013, 2, 'P', 'T');
INSERT INTO `RandomCodes` (`RandomCodeID`, `RandomCode`, `StudyID`, `Treatment`, `Available`) VALUES (35, 5014, 2, 'P', 'T');
INSERT INTO `RandomCodes` (`RandomCodeID`, `RandomCode`, `StudyID`, `Treatment`, `Available`) VALUES (36, 5015, 2, 'P', 'T');
INSERT INTO `RandomCodes` (`RandomCodeID`, `RandomCode`, `StudyID`, `Treatment`, `Available`) VALUES (37, 5016, 2, 'P', 'T');
INSERT INTO `RandomCodes` (`RandomCodeID`, `RandomCode`, `StudyID`, `Treatment`, `Available`) VALUES (38, 5017, 2, 'P', 'T');
INSERT INTO `RandomCodes` (`RandomCodeID`, `RandomCode`, `StudyID`, `Treatment`, `Available`) VALUES (39, 5018, 2, 'P', 'T');
INSERT INTO `RandomCodes` (`RandomCodeID`, `RandomCode`, `StudyID`, `Treatment`, `Available`) VALUES (40, 5019, 2, 'P', 'T');

COMMIT;


-- -----------------------------------------------------
-- Data for table `Sites`
-- -----------------------------------------------------
START TRANSACTION;
USE `Acme Pharmaceuticals`;
INSERT INTO `Sites` (`SiteID`, `SiteNumber`, `StudyID`, `Name`, `Address`, `City`, `StateID`, `Zip`, `Phone`) VALUES (1, 101, 1, 'Dr. Stan Heinrich ', '123 E. Main St', 'Atlanta', 1, '25869', '1234567890');
INSERT INTO `Sites` (`SiteID`, `SiteNumber`, `StudyID`, `Name`, `Address`, `City`, `StateID`, `Zip`, `Phone`) VALUES (2, 111, 1, 'Mercy Hospital', '3456 Elmhurst Rd.', 'Secaucus', 2, '32659', '5013629564');
INSERT INTO `Sites` (`SiteID`, `SiteNumber`, `StudyID`, `Name`, `Address`, `City`, `StateID`, `Zip`, `Phone`) VALUES (3, 121, 1, 'St. Elizabeth Hospital', '976 Jackson Way', 'Ft. Thomas', 3, '41258', '3026521478');
INSERT INTO `Sites` (`SiteID`, `SiteNumber`, `StudyID`, `Name`, `Address`, `City`, `StateID`, `Zip`, `Phone`) VALUES (4, 501, 2, 'Dr. Robert Adler', '9087 W. Maple Ave.', 'Cedar Rapids', 4, '42365', '6149652574');
INSERT INTO `Sites` (`SiteID`, `SiteNumber`, `StudyID`, `Name`, `Address`, `City`, `StateID`, `Zip`, `Phone`) VALUES (5, 511, 2, 'Dr. Tim Schmitz', '4539 Helena Run', 'Mason', 5, '45040', '5136987462');
INSERT INTO `Sites` (`SiteID`, `SiteNumber`, `StudyID`, `Name`, `Address`, `City`, `StateID`, `Zip`, `Phone`) VALUES (6, 521, 2, 'Dr. Lawrence Snell', '9201 NW. Washington Blvd.', 'Bristol', 6, '20163', '3876510249');

COMMIT;


-- -----------------------------------------------------
-- Data for table `States`
-- -----------------------------------------------------
START TRANSACTION;
USE `Acme Pharmaceuticals`;
INSERT INTO `States` (`StateID`, `StateDesc`) VALUES (1, 'Ohio');
INSERT INTO `States` (`StateID`, `StateDesc`) VALUES (2, 'Kentucky');
INSERT INTO `States` (`StateID`, `StateDesc`) VALUES (3, 'Indiana');
INSERT INTO `States` (`StateID`, `StateDesc`) VALUES (4, 'New Jersey');
INSERT INTO `States` (`StateID`, `StateDesc`) VALUES (5, 'Virginia');
INSERT INTO `States` (`StateID`, `StateDesc`) VALUES (6, 'Georgia');
INSERT INTO `States` (`StateID`, `StateDesc`) VALUES (7, 'Iowa');

COMMIT;


-- -----------------------------------------------------
-- Data for table `Studies`
-- -----------------------------------------------------
START TRANSACTION;
USE `Acme Pharmaceuticals`;
INSERT INTO `Studies` (`StudyID`, `Studiescol`) VALUES (1, 'Study 12345');
INSERT INTO `Studies` (`StudyID`, `Studiescol`) VALUES (2, 'Study 54321');

COMMIT;


-- -----------------------------------------------------
-- Data for table `VisitTypes`
-- -----------------------------------------------------
START TRANSACTION;
USE `Acme Pharmaceuticals`;
INSERT INTO `VisitTypes` (`VisitTypeID`, `VisitDesc`) VALUES (1, 'Screening');
INSERT INTO `VisitTypes` (`VisitTypeID`, `VisitDesc`) VALUES (2, 'Randomization');
INSERT INTO `VisitTypes` (`VisitTypeID`, `VisitDesc`) VALUES (3, 'Withdrawal');

COMMIT;


-- -----------------------------------------------------
-- Data for table `Visits`
-- -----------------------------------------------------
START TRANSACTION;
USE `Acme Pharmaceuticals`;
INSERT INTO `Visits` (`VisitID`, `PatientID`, `Visit`, `VisitTypeID`, `WithdrawReasonID`) VALUES (1, 1, '2020-11-20', 1, 1);

COMMIT;


-- -----------------------------------------------------
-- Data for table `WithdrawReasons`
-- -----------------------------------------------------
START TRANSACTION;
USE `Acme Pharmaceuticals`;
INSERT INTO `WithdrawReasons` (`WithdrawReasonID`, `WithdrawDesc`) VALUES (1, 'Patient withdrew consent');
INSERT INTO `WithdrawReasons` (`WithdrawReasonID`, `WithdrawDesc`) VALUES (2, 'Adverse event');
INSERT INTO `WithdrawReasons` (`WithdrawReasonID`, `WithdrawDesc`) VALUES (3, 'Health issue-related to study');
INSERT INTO `WithdrawReasons` (`WithdrawReasonID`, `WithdrawDesc`) VALUES (4, 'Health issue-unrelated to study');
INSERT INTO `WithdrawReasons` (`WithdrawReasonID`, `WithdrawDesc`) VALUES (5, 'Personal reason');
INSERT INTO `WithdrawReasons` (`WithdrawReasonID`, `WithdrawDesc`) VALUES (6, 'Completed the study');

COMMIT;

