-- MySQL Script generated by MySQL Workbench
-- Thu Dec 10 04:41:13 2020
-- Model: New Model    Version: 1.0
-- MySQL Workbench Forward Engineering

SET @OLD_UNIQUE_CHECKS=@@UNIQUE_CHECKS, UNIQUE_CHECKS=0;
SET @OLD_FOREIGN_KEY_CHECKS=@@FOREIGN_KEY_CHECKS, FOREIGN_KEY_CHECKS=0;
SET @OLD_SQL_MODE=@@SQL_MODE, SQL_MODE='ONLY_FULL_GROUP_BY,STRICT_TRANS_TABLES,NO_ZERO_IN_DATE,NO_ZERO_DATE,ERROR_FOR_DIVISION_BY_ZERO,NO_ENGINE_SUBSTITUTION';

-- -----------------------------------------------------
-- Schema Paw Print Factory
-- -----------------------------------------------------
DROP SCHEMA IF EXISTS `Paw Print Factory` ;

-- -----------------------------------------------------
-- Schema Paw Print Factory
-- -----------------------------------------------------
CREATE SCHEMA IF NOT EXISTS `Paw Print Factory` DEFAULT CHARACTER SET utf8 ;
SHOW WARNINGS;
USE `Paw Print Factory` ;

-- -----------------------------------------------------
-- Table `Customer_details`
-- -----------------------------------------------------
DROP TABLE IF EXISTS `Customer_details` ;

SHOW WARNINGS;
CREATE TABLE IF NOT EXISTS `Customer_details` (
  `c_id` INT NOT NULL AUTO_INCREMENT,
  `c_name` VARCHAR(100) NOT NULL,
  `date` DATE NOT NULL,
  `contacts` VARCHAR(45) NOT NULL,
  PRIMARY KEY (`c_id`))
ENGINE = InnoDB;

SHOW WARNINGS;
CREATE UNIQUE INDEX `c_id_UNIQUE` ON `Customer_details` (`c_id` ASC) VISIBLE;

SHOW WARNINGS;

-- -----------------------------------------------------
-- Table `Offers`
-- -----------------------------------------------------
DROP TABLE IF EXISTS `Offers` ;

SHOW WARNINGS;
CREATE TABLE IF NOT EXISTS `Offers` (
  `o_id` INT NOT NULL AUTO_INCREMENT,
  `occansion` VARCHAR(45) NOT NULL,
  `coupan_code` VARCHAR(45) NOT NULL,
  `discount` VARCHAR(45) NOT NULL,
  PRIMARY KEY (`o_id`))
ENGINE = InnoDB;

SHOW WARNINGS;

-- -----------------------------------------------------
-- Table `Offers_to_customer`
-- -----------------------------------------------------
DROP TABLE IF EXISTS `Offers_to_customer` ;

SHOW WARNINGS;
CREATE TABLE IF NOT EXISTS `Offers_to_customer` (
  `Offers_o_id` INT NOT NULL,
  `Customer_details_c_id` INT NOT NULL,
  PRIMARY KEY (`Offers_o_id`, `Customer_details_c_id`),
  CONSTRAINT `fk_Offers_has_Customer_details_Offers1`
    FOREIGN KEY (`Offers_o_id`)
    REFERENCES `Offers` (`o_id`)
    ON DELETE NO ACTION
    ON UPDATE NO ACTION,
  CONSTRAINT `fk_Offers_has_Customer_details_Customer_details1`
    FOREIGN KEY (`Customer_details_c_id`)
    REFERENCES `Customer_details` (`c_id`)
    ON DELETE NO ACTION
    ON UPDATE NO ACTION)
ENGINE = InnoDB;

SHOW WARNINGS;

-- -----------------------------------------------------
-- Table `inventory`
-- -----------------------------------------------------
DROP TABLE IF EXISTS `inventory` ;

SHOW WARNINGS;
CREATE TABLE IF NOT EXISTS `inventory` (
  `p_id` INT NOT NULL AUTO_INCREMENT,
  `product name` VARCHAR(45) NOT NULL,
  `available_number` INT(11) NOT NULL,
  `product_description` VARCHAR(45) NOT NULL,
  `price_per_piece` VARCHAR(45) NOT NULL,
  PRIMARY KEY (`p_id`))
ENGINE = InnoDB;

SHOW WARNINGS;

-- -----------------------------------------------------
-- Table `order_details`
-- -----------------------------------------------------
DROP TABLE IF EXISTS `order_details` ;

SHOW WARNINGS;
CREATE TABLE IF NOT EXISTS `order_details` (
  `o_id` INT NOT NULL AUTO_INCREMENT,
  `modes_of_payments` VARCHAR(45) NOT NULL,
  `p_id` INT(11) NOT NULL,
  `Customer_details_c_id` INT UNSIGNED NOT NULL,
  PRIMARY KEY (`o_id`),
  CONSTRAINT `p_id`
    FOREIGN KEY (`p_id`)
    REFERENCES `inventory` (`p_id`)
    ON DELETE NO ACTION
    ON UPDATE NO ACTION,
  CONSTRAINT `fk_order_details_Customer_details1`
    FOREIGN KEY (`Customer_details_c_id`)
    REFERENCES `Customer_details` (`c_id`)
    ON DELETE NO ACTION
    ON UPDATE NO ACTION)
ENGINE = InnoDB;

SHOW WARNINGS;
CREATE UNIQUE INDEX `o_id_UNIQUE` ON `order_details` (`o_id` ASC) VISIBLE;

SHOW WARNINGS;

-- -----------------------------------------------------
-- Table `pet_details`
-- -----------------------------------------------------
DROP TABLE IF EXISTS `pet_details` ;

SHOW WARNINGS;
CREATE TABLE IF NOT EXISTS `pet_details` (
  `id` INT(11) NOT NULL,
  `pet_name` VARCHAR(45) NOT NULL,
  `birthday` DATE NOT NULL,
  `pet_type` VARCHAR(100) NOT NULL,
  `owner_details` INT NOT NULL,
  PRIMARY KEY (`id`),
  CONSTRAINT `owner_id`
    FOREIGN KEY (`owner_details`)
    REFERENCES `Customer_details` (`c_id`)
    ON DELETE NO ACTION
    ON UPDATE NO ACTION)
ENGINE = InnoDB;

SHOW WARNINGS;

SET SQL_MODE=@OLD_SQL_MODE;
SET FOREIGN_KEY_CHECKS=@OLD_FOREIGN_KEY_CHECKS;
SET UNIQUE_CHECKS=@OLD_UNIQUE_CHECKS;

-- -----------------------------------------------------
-- Data for table `Customer_details`
-- -----------------------------------------------------
START TRANSACTION;
USE `Paw Print Factory`;
INSERT INTO `Customer_details` (`c_id`, `c_name`, `date`, `contacts`) VALUES (1, 'ravi', '2020-12-08', '282828');
INSERT INTO `Customer_details` (`c_id`, `c_name`, `date`, `contacts`) VALUES (2, 'ravin', '2020-12-08', '282822');
INSERT INTO `Customer_details` (`c_id`, `c_name`, `date`, `contacts`) VALUES (3, 'ravind', '2020-12-08', '282821');
INSERT INTO `Customer_details` (`c_id`, `c_name`, `date`, `contacts`) VALUES (4, 'ravindra', '2020-12-08', '222');
INSERT INTO `Customer_details` (`c_id`, `c_name`, `date`, `contacts`) VALUES (5, 'jack', '2020-12-07', '2828284544');
INSERT INTO `Customer_details` (`c_id`, `c_name`, `date`, `contacts`) VALUES (6, 'robin', '2020-12-06', '282828433');
INSERT INTO `Customer_details` (`c_id`, `c_name`, `date`, `contacts`) VALUES (7, 'kacky', '2020-12-12', '28282833');
INSERT INTO `Customer_details` (`c_id`, `c_name`, `date`, `contacts`) VALUES (8, 'macky', '2020-12-05', '28282832');
INSERT INTO `Customer_details` (`c_id`, `c_name`, `date`, `contacts`) VALUES (9, 'jully', '2020-12-18', '3');
INSERT INTO `Customer_details` (`c_id`, `c_name`, `date`, `contacts`) VALUES (10, 'bully', '2020-12-28', '333');

COMMIT;


-- -----------------------------------------------------
-- Data for table `Offers`
-- -----------------------------------------------------
START TRANSACTION;
USE `Paw Print Factory`;
INSERT INTO `Offers` (`o_id`, `occansion`, `coupan_code`, `discount`) VALUES (1, 'cristmas', 'cckt', '50%');
INSERT INTO `Offers` (`o_id`, `occansion`, `coupan_code`, `discount`) VALUES (2, 'new year', 'NNYR', '25%');
INSERT INTO `Offers` (`o_id`, `occansion`, `coupan_code`, `discount`) VALUES (3, 'Eid', 'EED', '45%');
INSERT INTO `Offers` (`o_id`, `occansion`, `coupan_code`, `discount`) VALUES (4, 'Diwali', 'DDLI', '80%');

COMMIT;


-- -----------------------------------------------------
-- Data for table `Offers_to_customer`
-- -----------------------------------------------------
START TRANSACTION;
USE `Paw Print Factory`;
INSERT INTO `Offers_to_customer` (`Offers_o_id`, `Customer_details_c_id`) VALUES (3, 1);
INSERT INTO `Offers_to_customer` (`Offers_o_id`, `Customer_details_c_id`) VALUES (1, 2);
INSERT INTO `Offers_to_customer` (`Offers_o_id`, `Customer_details_c_id`) VALUES (2, 2);
INSERT INTO `Offers_to_customer` (`Offers_o_id`, `Customer_details_c_id`) VALUES (3, 2);
INSERT INTO `Offers_to_customer` (`Offers_o_id`, `Customer_details_c_id`) VALUES (1, 3);
INSERT INTO `Offers_to_customer` (`Offers_o_id`, `Customer_details_c_id`) VALUES (2, 4);

COMMIT;


-- -----------------------------------------------------
-- Data for table `inventory`
-- -----------------------------------------------------
START TRANSACTION;
USE `Paw Print Factory`;
INSERT INTO `inventory` (`p_id`, `product name`, `available_number`, `product_description`, `price_per_piece`) VALUES (1, 'cloths', 102, 'it is made of puer cotton', '110');
INSERT INTO `inventory` (`p_id`, `product name`, `available_number`, `product_description`, `price_per_piece`) VALUES (2, 'chain', 102, 'it is made of puer cotton', '110');
INSERT INTO `inventory` (`p_id`, `product name`, `available_number`, `product_description`, `price_per_piece`) VALUES (3, 'foods', 102, 'it is made of puer cotton', '110');
INSERT INTO `inventory` (`p_id`, `product name`, `available_number`, `product_description`, `price_per_piece`) VALUES (4, 'toy', 102, 'it is made of puer cotton', '110');
INSERT INTO `inventory` (`p_id`, `product name`, `available_number`, `product_description`, `price_per_piece`) VALUES (5, 'cloths', 201, 'it is for cattle', '110');
INSERT INTO `inventory` (`p_id`, `product name`, `available_number`, `product_description`, `price_per_piece`) VALUES (6, 'cloths', 222, 'it is monkey', '110');
INSERT INTO `inventory` (`p_id`, `product name`, `available_number`, `product_description`, `price_per_piece`) VALUES (7, 'cloths', 123, 'it is for pig', '110');
INSERT INTO `inventory` (`p_id`, `product name`, `available_number`, `product_description`, `price_per_piece`) VALUES (8, 'cloths', 234, 'it is dear', '110');
INSERT INTO `inventory` (`p_id`, `product name`, `available_number`, `product_description`, `price_per_piece`) VALUES (9, 'cloths', 432, 'it is for dog', '110');
INSERT INTO `inventory` (`p_id`, `product name`, `available_number`, `product_description`, `price_per_piece`) VALUES (10, 'cloths', 23, 'it is for cat', '110');

COMMIT;


-- -----------------------------------------------------
-- Data for table `order_details`
-- -----------------------------------------------------
START TRANSACTION;
USE `Paw Print Factory`;
INSERT INTO `order_details` (`o_id`, `modes_of_payments`, `p_id`, `Customer_details_c_id`) VALUES (1, 'Internet banking', 2, 1);
INSERT INTO `order_details` (`o_id`, `modes_of_payments`, `p_id`, `Customer_details_c_id`) VALUES (2, 'mobile banking', 4, 4);
INSERT INTO `order_details` (`o_id`, `modes_of_payments`, `p_id`, `Customer_details_c_id`) VALUES (3, 'cash', 6, 5);
INSERT INTO `order_details` (`o_id`, `modes_of_payments`, `p_id`, `Customer_details_c_id`) VALUES (4, 'card payment', 4, 2);
INSERT INTO `order_details` (`o_id`, `modes_of_payments`, `p_id`, `Customer_details_c_id`) VALUES (5, 'Internet banking', 2, 3);
INSERT INTO `order_details` (`o_id`, `modes_of_payments`, `p_id`, `Customer_details_c_id`) VALUES (6, 'mobile banking', 4, 7);
INSERT INTO `order_details` (`o_id`, `modes_of_payments`, `p_id`, `Customer_details_c_id`) VALUES (7, 'Internet banking', 2, 9);
INSERT INTO `order_details` (`o_id`, `modes_of_payments`, `p_id`, `Customer_details_c_id`) VALUES (8, 'NEFT', 8, 6);

COMMIT;


-- -----------------------------------------------------
-- Data for table `pet_details`
-- -----------------------------------------------------
START TRANSACTION;
USE `Paw Print Factory`;
INSERT INTO `pet_details` (`id`, `pet_name`, `birthday`, `pet_type`, `owner_details`) VALUES (2, 'memmy', '2020-11-22', 'dog', 1);
INSERT INTO `pet_details` (`id`, `pet_name`, `birthday`, `pet_type`, `owner_details`) VALUES (3, 'jimmy', '2020-11-22', 'dog', 1);
INSERT INTO `pet_details` (`id`, `pet_name`, `birthday`, `pet_type`, `owner_details`) VALUES (4, 'monney', '2010-11-22', 'tiger', 10);
INSERT INTO `pet_details` (`id`, `pet_name`, `birthday`, `pet_type`, `owner_details`) VALUES (5, 'tonny', '2018-11-22', 'pig', 8);
INSERT INTO `pet_details` (`id`, `pet_name`, `birthday`, `pet_type`, `owner_details`) VALUES (6, 'jackey', '2019-11-22', 'dear', 1);
INSERT INTO `pet_details` (`id`, `pet_name`, `birthday`, `pet_type`, `owner_details`) VALUES (7, 'tommy', '2019-11-22', 'dog', 4);
INSERT INTO `pet_details` (`id`, `pet_name`, `birthday`, `pet_type`, `owner_details`) VALUES (8, 'kalu', '2020-01-22', 'monkey', 5);
INSERT INTO `pet_details` (`id`, `pet_name`, `birthday`, `pet_type`, `owner_details`) VALUES (9, 'jack', '2020-11-21', 'cat', 3);
INSERT INTO `pet_details` (`id`, `pet_name`, `birthday`, `pet_type`, `owner_details`) VALUES (10, 'rosey', '2020-11-23', 'dog', 4);

COMMIT;

